state,lga,postcode,facility
Abia,"Aba South",450002,"Ngwa Rd"
Abia,"Aba South",450001,Aba
Abia,Arochukwu,442003,Ihechiowa
Abia,Arochukwu,442001,Arochukwu
Abia,Arochukwu,442002,Ozuabam
Abia,Bende,441008,Uzuakoli
Abia,Bende,441013,Ozuitem
Abia,Bende,440021,Item
Abia,Bende,441012,Igbere
Abia,Bende,441011,Bende
Abia,Bende,410010,Alayi
Abia,Ikwuano,440007,Oboro
Abia,Ikwuano,440006,Ariam
Abia,Ikwuano,440014,Oloko
Abia,"Isiala Ngwa South",451004,Umuosu
Abia,"Isiala Ngwa South",451003,Owerrinta
Abia,"Isiala Ngwa South",451002,Omoba
Abia,"Isiala Ngwa South",440008,"Okpuala Ngwa"
Abia,"Isiala Ngwa South",451001,Nbawsi
Abia,"Isiala Ngwa South",440001,GPO
Abia,"Isiala Ngwa South",452001,"Amapu Ntigha"
Abia,Isukwuato,441002,Ovim
Abia,Isukwuato,443005,Eluama
Abia,Ohafia,443005,Ohafia
Abia,Ohafia,443003,Ohafia
Abia,Ohafia,443004,Ania
Abia,Ohafia,443001,Abiriba
Abia,Osisioma,450003,umungasi
Abia,"Ukwa West",452001,"Imo River"
Abia,"Umuahia North",440015,"N  Okaniuga"
Abia,"Umuahia North",440003,Umuahia
Abia,"Umuahia North",440004,"Ameke Ibeku"
Abia,"Umuahia North",440112,Afugiri
Abia,"Umuahia South",440005,Ekenobizi
Abia,"Umuahia South",440009,Ubakala
Abia,"Umuahia South",440010,Olokoro
Abia,"Umuahia South",440002,"Old Umuahia"
Adamawa,Demsa,642004,Demsa
Adamawa,Demsa,642005,Borrong
Adamawa,Fufure,640107,Fufore
Adamawa,Ganye,641001,Ganye
Adamawa,Girei,652005,FUT
Adamawa,Gombi,652001,Gombi
Adamawa,Guyuk,643001,Guyuk
Adamawa,Hong,650002,Hong
Adamawa,Jada,641003,Jada
Adamawa,Lamurde,642002,Lamurde
Adamawa,"Mayo Belwa",641002,"Mayo Belwa"
Adamawa,"Mubi South",650001,Mubi
Adamawa,Numan,642001,Numan
Adamawa,Shelleng,643002,Shelleng
Adamawa,Song,652001,Dumne
Adamawa,"Yola North",640001,GPO
Adamawa,"Yola South",640002,"Yola town"
"Akwa Ibom",Abak,532001,Abak
"Akwa Ibom",Eket,524001,Eket
"Akwa Ibom",Etinan,522007,Mbioto
"Akwa Ibom",Etinan,522001,Etinan
"Akwa Ibom","Ibesikpo Asutan",521001,"Obot Idim"
"Akwa Ibom","Ikot Abasi",534001,"Ikot Abasi"
"Akwa Ibom","Ikot Abasi",534002,Ete
"Akwa Ibom","Ikot Ekpene",530001,"Ikot Ekpene"
"Akwa Ibom",Itu,520004,Itu
"Akwa Ibom",Mbo,524002,Enwang
"Akwa Ibom","Nsit Ubium",522004,"College of Education"
"Akwa Ibom","Nsit Ubium",522006,"Ikot Ubo"
"Akwa Ibom","Nsit Ubium",522008,"Ikot Ekwere"
"Akwa Ibom","Nsit Ubium",522005,"Ikot Akpan Abia"
"Akwa Ibom","Nsit Ubium",522002,Mbiaso
"Akwa Ibom","Nsit Ubium",522003,Edeobom
"Akwa Ibom",Okobo,521003,Okobo
"Akwa Ibom",Onna,524002,"Awa Iman"
"Akwa Ibom",Oron,523001,Oron
"Akwa Ibom",Oron,523004,"Maritime Academy"
"Akwa Ibom",Uruan,520002,Nwaniba
"Akwa Ibom",Urue-Offong/Oruko,523002,Oyubia
"Akwa Ibom",Uyo,520001,GPO
"Akwa Ibom",Uyo,520003,Uniuyo
Anambra,Aguata,422021,Umuchu
Anambra,Aguata,422020,Uga
Anambra,Aguata,422019,Isuofia
Anambra,Aguata,422018,"Igbo Ukwu"
Anambra,Aguata,423010,Amaokpala
Anambra,Aguata,422016,Aguata
Anambra,Aguata,422017,Achina
Anambra,Anaocha,422002,"Adazi -Nnukwu"
Anambra,Anaocha,422003,"Adai ani"
Anambra,Anaocha,422014,Obeledu
Anambra,Anaocha,422006,Nri
Anambra,Anaocha,422005,Neni
Anambra,Anaocha,422012,Ichida
Anambra,Anaocha,422009,Enugwu-Adazi
Anambra,Anaocha,422015,Akwaeze
Anambra,Anaocha,422010,Aguluzigbo
Anambra,Anaocha,422011,Agulu
Anambra,Anaocha,422004,"Adazi Enu"
Anambra,"Awka North",420008,Ebenebe
Anambra,"Awka North",420005,Achalla
Anambra,"Awka North",420009,Mgbakwu
Anambra,"Awka South",420001,Awka
Anambra,"Awka South",420007,Unizik
Anambra,"Awka South",420003,Nise
Anambra,"Awka South",420006,Nibo
Anambra,"Awka South",420014,Mbaukwu
Anambra,"Awka South",420002,Amawbia
Anambra,Ayamelum,433013,Omor
Anambra,Dunukofia,421009,Umunachi
Anambra,Dunukofia,434006,Umudioka
Anambra,Dunukofia,422008,"Ifite Ukpo"
Anambra,Ekwusigo,435005,Ozubulu
Anambra,Ekwusigo,435003,Oraifite
Anambra,Ekwusigo,435009,Ichi
Anambra,"Idemili North",434004,Ogidi
Anambra,"Idemili North",434003,Obosi
Anambra,"Idemili North",434010,Nkpor
Anambra,"Idemili North",434105,Eziowelle
Anambra,"Idemili North",434014,Aforigwe
Anambra,"Idemili North",434001,Abatete
Anambra,"Idemili North",434015,Nkpor
Anambra,"Idemili North",434005,Umuoji
Anambra,"Idemili South",422001,Oraukwu
Anambra,"Idemili South",434008,"Ojoto Uno"
Anambra,"Idemili South",434013,Ojoto
Anambra,"Idemili South",434002,Oba
Anambra,"Idemili South",434011,Nnokwa
Anambra,"Idemili South",434007,Nnobi
Anambra,"Idemili South",434017,"Awka  Etiti"
Anambra,"Idemili South",434012,Alor
Anambra,Ihiala,431005,Okija
Anambra,Ihiala,431003,Ihiala
Anambra,Ihiala,431004,Uli
Anambra,Njikoka,421010,Nimo
Anambra,Njikoka,421004,Nawfia
Anambra,Njikoka,421007,Ezi-Abba
Anambra,Njikoka,421011,Enugwu-Agidi
Anambra,Njikoka,421001,"Enugu  Ukwu"
Anambra,Njikoka,422007,Abagana
Anambra,"Nnewi North",435001,Nnewi
Anambra,"Nnewi South",435007,"Nkwo Ezinifite"
Anambra,"Nnewi South",435008,Ekwulumili
Anambra,"Nnewi South",435002,Amichi
Anambra,"Nnewi South",435010,Unubi
Anambra,"Nnewi South",435006,Ukpor
Anambra,"Nnewi South",435004,Osumenyi
Anambra,Ogbaru,431001,Atani
Anambra,"Onitsha North",430001,Onitsha
Anambra,"Onitsha North",430003,Fegge
Anambra,"Onitsha South",430003,Ogboefere
Anambra,"Orumba North",423008,Ndiokpalaeze
Anambra,"Orumba North",422022,Nanka
Anambra,"Orumba North",422016,Fed.Poly
Anambra,"Orumba North",423002,"Enugwu - Abor"
Anambra,"Orumba North",422011,Awgbu
Anambra,"Orumba North",423001,Ajalli
Anambra,"Orumba North",423009,Ufuma
Anambra,"Orumba North",423007,nyiba
Anambra,"Orumba South",423006,Umunze
Anambra,"Orumba South",423005,Ogbunka
Anambra,"Orumba South",423003,Ezira
Anambra,"Orumba South",423006,Akpu
Anambra,"Orumba South",423011,Isulo
Anambra,"Orumba South",423004,Ihite
Anambra,Oyi,421005,Nawgu
Anambra,Oyi,433005,Awkuzu
Anambra,Oyi,433002,Ogbunike
Anambra,Oyi,433004,Umunya
Anambra,Oyi,421012,Ukwulu
Anambra,Oyi,433003,Nteje
Anambra,Oyi,433001,Nkwelle-Ezunaka
Bauchi,Bauchi,740002,"Gidan Mai"
Bauchi,Bauchi,740003,"Federal Secretariat"
Bauchi,Bauchi,741001,Dass
Bauchi,Bauchi,743001,"Army Barrack"
Bauchi,Bauchi,740005,Yalwa
Bauchi,Bauchi,740001,Wunti
Bauchi,Bauchi,740004,Toro
Bauchi,Bauchi,741002,"Tafawa balewa"
Bauchi,Bauchi,742001,Ningi
Bauchi,Darazo,750004,"Near S.S Kari"
Bauchi,Darazo,750003,Adj.Polic
Bauchi,Gamawa,752001,"General Hospital"
Bauchi,Itas/Gadau,751002,"Kofar Fada"
Bauchi,Jama'are,751003,"General Hospital"
Bauchi,Katagum,751001,Nassarawa
Bauchi,Misau,750001,"General Hospital"
Bauchi,Shira,751106,Yana
Bayelsa,Brass,561001,Brass
Bayelsa,Nembe,561002,Nembe
Bayelsa,Ogbia,561003,Ogbia
Bayelsa,Sagbama,561004,Sagbama
Bayelsa,Yenagoa,560001,Yenagoa
Benue,Apa,972003,"Iga  Okpaya"
Benue,Gboko,981001,Gboko
Benue,Guma,970004,Daudu
Benue,"Gwer East",971001,Aliade
Benue,Kwande,980001,Adikpo
Benue,Makurdi,870003,"Makurdi Modern Market"
Benue,Makurdi,970001,Makurdi
Benue,Makurdi,970002,Makurdi
Benue,Obi,972008,"Oju Ost"
Benue,Ogbadibo,972006,Orokam
Benue,Okpokwu,972007,Ugbokolo
Benue,Okpokwu,972005,Okpoga
Benue,Oturkpo,972001,Otukpo
Benue,Oturkpo,972001,Adoka
Benue,Oturkpo,972002,"Allan -Ejor"
Benue,Ushongo,981002,"Lessel Mbagwa"
Benue,Vandeikya,982001,Vandekya
Borno,Askira/Uba,601003,Askira
Borno,Askira/Uba,601004,Lassa
Borno,Bama,610001,Bama
Borno,Biu,603001,Biu
Borno,Damboa,601001,Damboa
Borno,Dikwa,611001,Dikwa
Borno,Gwoza,610003,Gwoza
Borno,Hawul,603004,Marama
Borno,Jere,600002,"Baga Rd"
Borno,Kaga,601002,Binisheik
Borno,Konduga,610002,Konduga
Borno,Kukawa,612002,Kukawa
Borno,Maiduguri,600004,"University of maiduguri"
Borno,Maiduguri,600005,Gwange
Borno,Maiduguri,600001,GPO
Borno,Maiduguri,600003,Fed.Sec
Borno,Marte,611003,Marte
Borno,Monguno,612001,Monguno
Borno,Ngala,611002,Ngala
Borno,Shani,603002,Shani
"Cross River",Abi,543002,Itigidi
"Cross River","Calabar Municipal",540006,"Poly Cal"
"Cross River","Calabar Municipal",540003,"Housing Estate"
"Cross River","Calabar Municipal",540007,EPZ
"Cross River","Calabar Municipal",540002,"Edgerly Rd"
"Cross River","Calabar Municipal",540001,Calabar
"Cross River","Calabar Municipal",540005,Ambo
"Cross River","Calabar Municipal",540004,UNICAL
"Cross River",Ikom,551001,Ikom
"Cross River",Obubra,551004,Obubra
"Cross River",Obudu,552001,Obudu
"Cross River",Odukpani,541001,"Creek Town"
"Cross River",Ogoja,550001,Ogoja
"Cross River",Yakurr,543001,Ugep
Delta,"Aniocha North",320009,Onicha-Ugbo
Delta,"Aniocha North",320110,"Onicha Olona"
Delta,"Aniocha North",320014,Obior
Delta,"Aniocha North",320007,Issele-Uku
Delta,"Aniocha North",320018,Ezi
Delta,"Aniocha South",320011,"Ogwashi Ukwu"
Delta,"Aniocha South",320015,Nsukwa
Delta,"Aniocha South",320012,Isheagu
Delta,"Aniocha South",320018,Ewulu
Delta,Burutu,332010,Foreadoa
Delta,Burutu,332009,burutu
Delta,"Ethiope East",331003,Kokori
Delta,"Ethiope East",333003,Ewo-Urhobe
Delta,"Ethiope East",331002,Eku
Delta,"Ethiope West",331101,Oghara
Delta,"Ethiope West",331001,Abraka
Delta,"Ika North East",321002,Umunede
Delta,"Ika North East",321003,Owa-Oyitu
Delta,"Ika North East",321105,Owa-Alero
Delta,"Ika North East",332007,Igbodo
Delta,"Ika North East",321005,Idumuesah
Delta,"Ika South",320013,Idumuje-Ugboko
Delta,"Ika South",321001,Agbor
Delta,"Ika South",321101,Ekuku-Agbor
Delta,"Isoko North",334002,Otibfo
Delta,"Isoko North",334112,Otar-Owhe
Delta,"Isoko North",332001,Omore
Delta,"Isoko North",334105,Olomore
Delta,"Isoko North",334003,Oleh
Delta,"Isoko North",334115,Okpe-Isoko
Delta,"Isoko North",334107,Igbide
Delta,"Isoko North",334001,Aviaara
Delta,"Isoko North",334196,Uzere
Delta,"Ndokwa East",322133,Ossissa
Delta,"Ndokwa East",332002,Amai
Delta,"Ndokwa West",332005,Umutu
Delta,"Ndokwa West",332004,Ndemili
Delta,"Ndokwa West",332001,Kwale
Delta,"Ndokwa West",332003,Ashaka
Delta,Okpe,330001,Orerokpe
Delta,Okpe,330101,Adagbaasa
Delta,"Oshimili North",320002,Akwukwu-Igbo
Delta,"Oshimili North",320005,Okaman
Delta,"Oshimili North",310004,Illah
Delta,"Oshimili North",320004,Ibusa
Delta,"Oshimili North",320006,Ebu
Delta,"Oshimili South",520001,Asaba
Delta,Sapele,321006,Sapele
Delta,Udu,330103,Ovwafri
Delta,Udu,330002,DSO
Delta,"Ughelli North",333001,Ughelli
Delta,"Ughelli North",333004,Orogun
Delta,"Ughelli North",333110,Agbarho
Delta,"Ughelli North",320007,Issele-Mkpittime
Delta,"Ughelli South",333002,Ekekpanre
Delta,Ukwuani,332006,Obiaruku
Delta,Uvwie,330003,Effurun
Delta,"Warri North",331004,Koko
Delta,"Warri South",332008,Warri
Ebonyi,Abakaliki,481001,Abakaliki
Ebonyi,"Afikpo North",490003,Unwana
Ebonyi,"Afikpo North",490002,"Fed Poly Technic"
Ebonyi,"Afikpo North",490001,Afikpo
Ebonyi,"Ezza South",481001,Onueke
Ebonyi,Ikwo,482002,Onuagbonyi
Ebonyi,Ivo,491002,Ishiagu
Ebonyi,Ohaozra,492002,Uburu
Ebonyi,Ohaozra,492001,Okposi
Ebonyi,Onicha,491002,"Egunkwo Onitsha"
Edo,Akoko-Edo,312005,Igarra
Edo,Egor,302001,Ugbowo
Edo,"Esan Central",311004,Irrua
Edo,"Esan Central",310005,Ewu
Edo,"Esan North East",311002,Ubiaja
Edo,"Esan North East",311001,Uromi
Edo,"Esan South East",310003,Ewohimi
Edo,"Esan West",311003,Iruekpen
Edo,"Esan West",310001,Ekpoma
Edo,"Esan West",310006,"Ambrose Alli University"
Edo,"Etsako Central",312006,Fugar
Edo,"Etsako West",312002,Uzairue
Edo,"Etsako West",312001,Auchi
Edo,"Etsako West",312003,Agenebode
Edo,"Etsako West",312004,Agbede
Edo,Igueben,310002,Ebelle
Edo,Igueben,310004,Igueben
Edo,"Ikpoba Okha",300005,"Federal Secretariat"
Edo,Oredo,300001,"G P O"
Edo,Oredo,300002,Akpakpava
Edo,Orhionmwon,301002,Igbanke
Edo,Orhionmwon,301001,Abudu
Edo,Orhionmwon,300003,Ologbo
Edo,"Owan East",313001,Afuze
Edo,"Owan West",313003,Sobe
Edo,"Owan West",313002,"Sabogida Ora"
Edo,Uhunmwonde,301003,Ehor
Ekiti,"Ado Ekit",360001,"Ado Ekiti"
Ekiti,Efon,362004,"Efon Alaye"
Ekiti,"Ekiti East",371008,"Omuo Oke"
Ekiti,"Ekiti South West",370006,Omuo
Ekiti,"Ekiti West",362002,Okemesi
Ekiti,"Ekiti West",362006,Igede
Ekiti,"Ekiti West",362003,Erinjinyan
Ekiti,Emure,361004,Emure
Ekiti,Gbonyin,370007,Iluomoba
Ekiti,Gbonyin,360002,Ijan
Ekiti,Gbonyin,370005,Aisegba
Ekiti,Gbonyin,370004,Ode
Ekiti,"Ido Osi",371006,Usi
Ekiti,"Ido Osi",271005,Osi
Ekiti,"Ido Osi",361003,Orin
Ekiti,"Ido Osi",371004,Ilogbo
Ekiti,"Ido Osi",371002,Ifaki
Ekiti,"Ido Osi",372001,Ido
Ekiti,"Ido Osi",371009,Aiyetoro
Ekiti,Ijero,372002,Iloro
Ekiti,Ijero,372001,Ijero
Ekiti,Ikere,361001,Ikere
Ekiti,Ikole,370001,Ikole
Ekiti,Ikole,370003,"Ijesa - Isu"
Ekiti,Ilejemeje,372003,Iye
Ekiti,Ilejemeje,361002,"Igbara Odo"
Ekiti,Irepodun/Ifelodun,362005,Iyin
Ekiti,Irepodun/Ifelodun,360003,Ilawe
Ekiti,Irepodun/Ifelodun,362007,Awo
Ekiti,Ise/Orun,361003,Ise
Ekiti,Moba,372004,Otun
Ekiti,Moba,362001,Aramoko
Ekiti,Oye,372003,Ayede
Ekiti,Oye,371010,Oye
Ekiti,Oye,371007,Isan
Ekiti,Oye,212001,Kishi
Ekiti,Oye,370002,Ire
Ekiti,Oye,371008,Ilupeju
Enugu,Aninri,402002,Nenwe
Enugu,"Enugu North",400003,Ogbete
Enugu,"Enugu North",400001,Asata
Enugu,"Enugu South",400004,"Agbani Rd."
Enugu,"Enugu South",400009,"Uwani     Enugu"
Enugu,"Enugu South",400001,"New Haven"
Enugu,"Enugu South",400007,"Independency Layout"
Enugu,"Enugu South",400008,"Federal Secretariat"
Enugu,"Enugu South",400006,"Enugu Campus"
Enugu,Ezeagu,401006,Iwollo
Enugu,Ezeagu,401001,"Isigwu Umana"
Enugu,Igbo-Etiti,411003,Ogbede
Enugu,"Igbo-Eze North",413001,"Enugu Ezike"
Enugu,"Nkanu West",402004,Agbani
Enugu,Nsukka,410002,Nsukka
Enugu,Nsukka,410001,UNN
Enugu,"Oji River",401007,Inyi
Enugu,"Oji River",401008,"Oji   River"
Enugu,"Oji River",402001,Acht
Enugu,Udenu,412002,"Obollo   Afor"
Enugu,Udi,401010,Umuabi
Enugu,Udi,401001,Udi
Enugu,Udi,401002,Affa
Enugu,Udi,410003,"9th Mile Corner"
Enugu,Uzo-Uwani,411001,Umulona
Enugu,Uzo-Uwani,411002,Adani
FCT-Abuja,Abaji,905001,Abaji
FCT-Abuja,"Abuja Municipal Area Council (AMAC)",900003,Wuse
FCT-Abuja,"Abuja Municipal Area Council (AMAC)",900007,Nyanya
FCT-Abuja,"Abuja Municipal Area Council (AMAC)",900008,Karo
FCT-Abuja,"Abuja Municipal Area Council (AMAC)",900001,"Federal Secretariat"
FCT-Abuja,"Abuja Municipal Area Council (AMAC)",900009,DeiDei
FCT-Abuja,"Abuja Municipal Area Council (AMAC)",900002,ADCPA
FCT-Abuja,Bwari,901002,Kubwa
FCT-Abuja,Bwari,901001,Bwari
FCT-Abuja,Gwagwalada,902001,Gwagwalada
FCT-Abuja,Kwali,904001,Kwali
Gombe,Akko,771002,Kumo
Gombe,Balanga,761002,Talasse
Gombe,Balanga,761001,Bambam
Gombe,Billiri,771001,Billiri
Gombe,Dukku,760005,Dukku
Gombe,Funakaye,762001,Bajoga
Gombe,Gombe,760002,Kasawa
Gombe,Gombe,760001,Gombe
Gombe,Kaltungo,770001,Kaltungo
Gombe,Kwami,760004,"Angwar Sarki"
Gombe,Kwami,760003,Bojude
Gombe,Shongom,770002,Boh
Gombe,"Yamaltu Deba",761003,Deba
Jigawa,Auyo,731003,Auyo
Jigawa,Babura,732007,Babura
Jigawa,Biriniwa,731004,Birniwa
Jigawa,"Birnin Kudu",721001,"Birnin Kudu"
Jigawa,Dutse,720001,GPO
Jigawa,Dutse,720005,"Federal Secretariat"
Jigawa,Gagarawa,732007,Gagarawa
Jigawa,Garki,732003,Garki
Jigawa,Gumel,732001,Gumel
Jigawa,Gwaram,721002,Gwaram
Jigawa,Gwiwa,705003,Gwiwa
Jigawa,Hadejia,731001,Hadejia
Jigawa,Jahun,720004,Jahun
Jigawa,"Kafin Hausa",731002,"Kafin Hausa"
Jigawa,Kaugama,730002,Kaugama
Jigawa,"Kiri Kasama",731005,Kirikasamma
Jigawa,Kiyawa,720003,Kiyawa
Jigawa,Maigatari,731006,Maigatari
Jigawa,"Mallam Madori",730001,"Mallam Madori"
Jigawa,Ringim,732005,Ringim
Jigawa,Roni,705002,Roni
Jigawa,Taura,733004,Taura
Kaduna,"Birnin Gwari",800008,BirninGwari
Kaduna,Giwa,810007,"Mile 10 A.B.U"
Kaduna,Giwa,810008,Giwa
Kaduna,Igabi,810009,Jaji
Kaduna,Ikara,342001,Ikare
Kaduna,Ikara,812001,Ikara
Kaduna,Jaba,801003,Kwoi
Kaduna,Jema'a,801002,"Kogun River"
Kaduna,Jema'a,601004,Godogodo
Kaduna,Jema'a,801001,Kafanchan
Kaduna,Kachia,802003,Kachia
Kaduna,"Kaduna North",800007,"New Town"
Kaduna,"Kaduna North",800004,Kawo
Kaduna,"Kaduna North",800001,GPO
Kaduna,"Kaduna South",800006,Kakuri
Kaduna,"Kaduna South",800002,"Kaduna Junetion"
Kaduna,"Kaduna South",800005,Barnawa
Kaduna,Kagarko,807004,Kubachia
Kaduna,Kajuru,800009,"Kasuwan Magani"
Kaduna,Kaura,801006,Manchok
Kaduna,Kaura,801005,Kagoro
Kaduna,Kubau,812003,"Dutsen Wai"
Kaduna,Makarfi,812002,Makarfi
Kaduna,"Sabon Gari",810001,Zaria
Kaduna,"Sabon Gari",810006,Samaru
Kaduna,"Sabon Gari",810002,"Sabon Gari"
Kaduna,Sanga,801007,Gwantu
Kaduna,Soba,810005,Soba
Kaduna,"Zangon Kataf",802002,Zonkwa
Kaduna,"Zangon Kataf",802001,"Zongon Kataf"
Kaduna,"Zangon Kataf",801008,Madakiya
Kaduna,Zaria,810004,"Zaria City"
Kaduna,Zaria,810003,Wusasa
Kano,Bebeji,710001,Bagauda
Kano,Dala,700005,"Fed Sect"
Kano,Danbatta,702004,Danbatta
Kano,"Dawakin Tofa",701001,"Dawakin Tofa"
Kano,Fagge,700007,"Sabon Gari"
Kano,Garko,712001,Garko
Kano,"Garun Mallam",710001,"Garun MaIIam"
Kano,Gaya,713003,Gaya
Kano,Gezawa,702001,Gerawa
Kano,Gwale,700006,"Bayero university"
Kano,Gwarzo,710001,Gwarzo
Kano,Kiru,711001,"Kwanar Dangora"
Kano,Kumbotso,700010,Panshekara
Kano,Madobi,711003,Madobi
Kano,Minjibir,702003,Minjibir
Kano,Nasarawa,700001,GPO
Kano,Nasarawa,700003,Bompai
Kano,Rano,710001,Rano
Kano,Takai,712001,Takai
Kano,Tarauni,700008,"Gyadi Gyadi"
Kano,Tarauni,700011,"Audu Bako Secretariat"
Kano,"Tudun Wada",710003,"Tudun Wada"
Kano,Ungogo,700004,Airport
Kano,Wudil,713001,Wadil
katsina,Bakori,832002,Bakori
katsina,Daura,820001,Daura
katsina,Dutsin-Ma,821001,Dutsinma
katsina,Faskari,832001,Faskari
katsina,Funtua,830001,Funtua
katsina,Katsina,980001,"Katsina Ala"
katsina,Katsina,820001,GP.O
katsina,Malumfashi,833001,Malumfashi
katsina,Mani,825002,Mani
Kebbi,Aleiro,863003,Aleiro
Kebbi,"Arewa Dandi",863001,Market
Kebbi,Argungu,681001,Sokoto
Kebbi,Bagudo,871001,Secretarriat
Kebbi,"Birnin Kebbi",860001,"Haliru Abidu"
Kebbi,Bunza,862002,Kamba
Kebbi,Dandi,862001,Zango
Kebbi,Gwandu,860003,"Emir's Palace"
Kebbi,Jega,863002,Sokoto
Kebbi,Koko-Besse,871002,"Off Jega"
Kebbi,Sakaba,872002,Rijah
Kebbi,Yauri,870001,"Emir's Palace"
Kebbi,Zuru,872001,GRA
Kogi,Ajaokuta,263003,Ajaokuta
Kogi,Ankpa,270001,Ankpa
Kogi,Bassa,273004,Oguma
Kogi,Dekina,272003,Egume
Kogi,Dekina,272001,Dekina
Kogi,Dekina,272002,Anyangba
Kogi,Ibaji,271002,Onyedega
Kogi,Idah,271001,Idah
Kogi,Ijumu,261005,Iyara
Kogi,Ijumu,261007,Iyamoye
Kogi,Ijumu,262001,Isanlu
Kogi,Ijumu,261002,"Iffe Ijumu"
Kogi,Ijumu,261003,"Ekirw   Adde"
Kogi,Ijumu,262004,Ejuku
Kogi,Ijumu,262007,Ejiba
Kogi,Ijumu,262006,Egbeda
Kogi,Ijumu,262005,Egbe
Kogi,Ijumu,262002,Amuro
Kogi,Ijumu,260006,"Odo   Ere"
Kogi,Ijumu,261008,"Aiyetoro Gbede"
Kogi,Ijumu,262003,Mopa
Kogi,Kabba-Bunu,261001,Kabba
Kogi,Lokoja,260001,GPO
Kogi,Ofu,271003,Ejule
Kogi,Ogori-Magongo,263002,ogori
Kogi,Okehi,264001,Ihima
Kogi,Okene,263001,Okene
Kogi,Okene,264002,Itakpe
Kogi,Olamaboro,270003,Okpo
Kogi,Omala,270002,Abeojukulo
Kwara,Asa,240009,Afon
Kwara,Baruten,242002,Okuta
Kwara,Edu,243002,Lafiagi
Kwara,Edu,234001,Bacita
Kwara,Ekiti,252102,Osi
Kwara,Ekiti,252001,Eruku
Kwara,Ifelodun,241003,Igbaja
Kwara,Ifelodun,241001,Ifelodun
Kwara,Ifelodun,231006,Iba
Kwara,Ifelodun,251003,"Ajasse    Ipo"
Kwara,Ifelodun,251004,Ilala
Kwara,Ifelodun,231005,Ikirun
Kwara,"Ilorin South",240003,"University of Ilorin"
Kwara,"Ilorin South",240001,GPO
Kwara,"Ilorin South",240004,"Federal Secretariat"
Kwara,"Ilorin West",240005,"Ajikobi  Oloje"
Kwara,"Ilorin West",240008,"Baboko Market"
Kwara,"Ilorin West",240006,Asunara
Kwara,Irepodun,230002,Ilobu
Kwara,Irepodun,251013,Esie
Kwara,Irepodun,230004,"Erin   Osun"
Kwara,Irepodun,251002,Arandun
Kwara,Irepodun,251007,Agbamu
Kwara,Irepodun,251006,Oro
Kwara,Irepodun,251001,Omuaran
Kwara,Isin,251010,"Owu Isin"
Kwara,Isin,251011,"Oke Onigbin"
Kwara,Isin,251009,"Iwo Isin"
Kwara,Isin,251005,"Isanlu Isin"
Kwara,Isin,251008,Ijara
Kwara,Isin,251012,Edidi
Kwara,Kaiama,242001,Kaima
Kwara,Moro,241002,Jebba
Kwara,Moro,241001,"Bode Saadu"
Kwara,Offa,250001,Offa
Kwara,Oke-Ero,252003,Ilofa
Kwara,Oyun,240010,Ojoku
Kwara,Oyun,250005,Irra
Kwara,Oyun,250004,Ipee
Kwara,Oyun,250002,Ikotun
Kwara,Oyun,250006,Ijagbo
Kwara,Oyun,250001,Igosun
Kwara,Oyun,250003,"Erin Ile"
Kwara,Pategi,243103,Pategi
Lagos,Agege,100005,Agege
Lagos,"Ajeromi Ifelodun",101015,Amukoko
Lagos,Alimosho,100006,Oke-Odo
Lagos,Alimosho,100006,Ipaja
Lagos,"Amuwo Odofin",101010,"Navy Town"
Lagos,"Amuwo Odofin",100001,Festac
Lagos,Apapa,101010,Apapa
Lagos,Badagry,102004,Ijanikin
Lagos,Badagry,102001,Agbara
Lagos,Badagry,103001,Badagry
Lagos,"Eti Osa",101003,"New Secretariat"
Lagos,Ifako-Ijaye,112005,Ajuwon
Lagos,Ifako-Ijaye,100005,Ojokoro
Lagos,Ikeja,100001,GPO
Lagos,Ikeja,100011,Oshopey
Lagos,Ikeja,100015,"Juli House"
Lagos,Ikorodu,104001,Ikorodu
Lagos,Ikorodu,104002,Igbogbo
Lagos,Ikorodu,100002,Owutu
Lagos,Ikorodu,104004,Imota
Lagos,Kosofe,100014,Magodo
Lagos,Kosofe,100013,"Ketu  Kosofe"
Lagos,"Lagos Island",101005,Moloney
Lagos,"Lagos Island",101006,Lafiaji
Lagos,"Lagos Island",101001,GPO
Lagos,"Lagos Island",101004,"City Hall"
Lagos,"Lagos Island",101018,"Adeniji Adele"
Lagos,"Lagos Island",110102,Idumagbo
Lagos,"Lagos Mainland",101012,"Ebute -Metter"
Lagos,"Lagos Mainland",101017,"University Of Lagos"
Lagos,"Lagos Mainland",101013,"National Arts Theatre"
Lagos,"Lagos Mainland",101016,"Iddo Terminus"
Lagos,Mushin,100009,Mushin
Lagos,Ojo,102003,Aspanda
Lagos,Oshodi-Isolo,100003,MMAP
Lagos,Shomolu,100007,Skomolu
Lagos,Surulere,101015,Ijeshatedo
Nasarawa,Akwanga,960003,Gudi
Nasarawa,Akwanga,960001,Akwanga
Nasarawa,Karu,961003,Mararaba
Nasarawa,Karu,961002,"New Karu"
Nasarawa,Keana,951001,Keana
Nasarawa,Keffi,961001,Keffi
Nasarawa,Lafia,950001,Lafia
Nasarawa,Lafia,950001,"Barikin Abdullahi"
Nasarawa,Lafia,950001,Assakio
Nasarawa,Nasarawa,962001,Nasarawa
Nasarawa,"Nasarawa Egon",960004,Nasarawa
Nasarawa,Obi,951001,Obi
Nasarawa,Obi,950002,Agyaragu
Nasarawa,Wamba,960002,Wamba
Niger,Agaie,912003,Baro
Niger,Bida,912001,Bida
Niger,Borgu,913003,"New Bussa"
Niger,Bosso,920004,"Station Rd."
Niger,Bosso,920001,GPO
Niger,Bosso,920002,F.G.C
Niger,Bosso,920003,"Federal University"
Niger,Katcha,912004,Katcha
Niger,Katcha,912002,Badeggi
Niger,Kontagora,923001,Kontagora
Niger,Kontagora,923003,Kontagora
Niger,Lapai,911001,Lapai
Niger,Lavun,913002,Kutigi
Niger,Mokwa,913001,Mokwa
Niger,Munya,921102,"Sarkin Pawa"
Niger,Rafi,922001,Kagara
Niger,Rijau,923002,Rijau
Niger,Shiroro,921101,Kuta
Niger,Suleja,910001,Suleja
Niger,Wushishi,922003,Zungeru
Niger,Wushishi,922107,Wushishi
Ogun,"Abeokuta North",110002,Ibara
Ogun,"Abeokuta South",110003,Totoro
Ogun,"Abeokuta South",110001,GPO
Ogun,Ado-Odo/Otta,112001,"Sango Ota"
Ogun,"Ijebu East",122002,Ogbere
Ogun,"Ijebu East",122001,"Ijebu Imushin"
Ogun,"Ijebu North",120004,Oru
Ogun,"Ijebu North",120005,A.Iwoye
Ogun,"Ijebu North East",120002,Isonyin
Ogun,"Ijebu Ode",120001,"Ijebu Ode"
Ogun,Ikenne,212003,Iperu
Ogun,Ikenne,212002,Ikenne
Ogun,Ikenne,121003,"Babcock University"
Ogun,"Imeko Afon",111005,"Owode Yewa"
Ogun,"Obafemi Owode",110006,FCE
Ogun,"Obafemi Owode",110004,"Federal Sec.Complex"
Ogun,"Obafemi Owode",110005,Owode
Ogun,Odeda,110008,UNAAB
Ogun,Odeda,110007,Odeda
Ogun,Odogbolu,120003,Odogbolu
Ogun,Odogbolu,121001,Aiyepe
Ogun,"Ogun Waterside",122004,Ayila
Ogun,"Ogun Waterside",122003,Abigi
Ogun,"Remo North",121004,Isara
Ogun,"Remo North",121005,"Ode Remo"
Ogun,Sagamu,121001,Sagamu
Ogun,"Yewa North",111001,Ayetoro
Ogun,"Yewa South",111004,Oke-Odan
Ogun,"Yewa South",111002,Liaro
Ogun,"Yewa South",111003,"Fed Poly"
Ondo,"Akoko North East",342001,Ikare
Ondo,"Akoko North West",342004,Arigidi
Ondo,"Akoko North West",342002,Ajowa
Ondo,"Akoko North West",342005,"Oke Agbe"
Ondo,"Akoko North West",342001,Ogbagi
Ondo,"Akoko North West",342003,Irun
Ondo,"Akoko North West",342009,Ikaramu
Ondo,"Akoko South East",342011,Ipe
Ondo,"Akoko South West",342006,Oka
Ondo,"Akoko South West",342008,Oba
Ondo,"Akoko South West",342010,Iwaro
Ondo,"Akoko South West",342007,Akungba
Ondo,"Akure North",340001,GPO
Ondo,"Akure North",340005,Itaogbolu
Ondo,"Akure North",340015,Iju
Ondo,"Akure South",340003,"Federal Secretariat"
Ondo,"Akure South",340004,"Akure Branch Office"
Ondo,"Akure South",340002,Oyemekun
Ondo,"Ese Odo",352001,Ugbonla
Ondo,Idanre,340008,Idanre
Ondo,Ifedore,340007,Ilara
Ondo,Ifedore,340010,Ijare
Ondo,Ifedore,340006,"Igbara Oke"
Ondo,Ilaje,352003,Igbokoda
Ondo,"Ile-Oluji/ Okeigbo",351003,Okeigbo
Ondo,"Ile-Oluji/ Okeigbo",351002,Odotu
Ondo,"Ile-Oluji/ Okeigbo",351003,"Ile Oluji"
Ondo,"Ile-Oluji/ Okeigbo",351003,Bamikemon
Ondo,Odigbo,350001,Ore
Ondo,Odigbo,350003,Oniparaga
Ondo,Odigbo,350005,Ilutitun
Ondo,Odigbo,350002,"Araromi Obu"
Ondo,Okitipupa,350002,Okitipupa
Ondo,Okitipupa,350005,"Ode Aye"
Ondo,Okitipupa,350004,Igbotako
Ondo,"Ondo West",351001,Ondo
Ondo,Ose,341005,Imeri
Ondo,Ose,341002,Ifon
Ondo,Ose,341004,Idoani
Ondo,Owo,341001,"Ijebu Owo"
Osun,Aiyedade,221005,"Orile   Owu"
Osun,Aiyedade,221002,"Ode  Omu"
Osun,Aiyedade,221001,Gbongan
Osun,Aiyedire,232104,Kuta
Osun,Aiyedire,232002,"Ile   Ogbo"
Osun,"Atakunmosa West",233002,Osu
Osun,Boluwaduro,233002,"Otan   Ayegbaju"
Osun,Boluwaduro,231010,Iresi
Osun,Boluwaduro,231009,Igbajo
Osun,Boripe,231008,Iree
Osun,Boripe,231007,Irabliji
Osun,Boripe,231007,Ada
Osun,"Ede North",232001,Ede
Osun,Ejigbo,232004,Olla
Osun,Ejigbo,232003,Ejigbo
Osun,"Ife Central",220007,"Ile   Ife"
Osun,"Ife Central",220005,OAU
Osun,"Ife East",220003,Modakake
Osun,"Ife East",220001,"Ile   Ife"
Osun,"Ife North",220006,Moro
Osun,"Ife South",220004,Olode
Osun,"Ife South",222007,"Ife   tedo"
Osun,Ifedayo,234004,"Ora  Igbomina"
Osun,Ifedayo,234003,"Oke   Ila"
Osun,Ila,234001,"Ila   Orangun"
Osun,"Ilesa West",233009,"Temidire Imadin"
Osun,"Ilesa West",233001,Ilesa
Osun,Irewole,221003,Ikire
Osun,Isokan,221004,Apomu
Osun,Iwo,232005,Iwo
Osun,Obokun,233010,"Esa   Oke"
Osun,Obokun,233007,"Imest   Ile"
Osun,Obokun,233006,Ibokun
Osun,Odo-Otin,231002,Oyan
Osun,Odo-Otin,231001,Okuku
Osun,Odo-Otin,231003,Inisa
Osun,Odo-Otin,231004,Igbaye
Osun,Odo-Otin,231011,Ekosin
Osun,Oriade,233012,Iloko
Osun,Oriade,233011,"Ikeji   Iie"
Osun,Oriade,233004,"Ijebu   Jesa"
Osun,Oriade,233008,Erinmo
Osun,Oriade,233003,Ifewara
Osun,Oriade,231005,"Ipetu   Jesa"
Osun,Orolu,233003,"Ifon   Osun"
Osun,Osogbo,230001,Osogbo
Oyo,Afijio,211002,Awe
Oyo,Atisbo,203002,Tede
Oyo,Atisbo,203003,"Ago   Aare"
Oyo,"Ibadan North",200005,"University of Ibadan"
Oyo,"Ibadan North",200009,Tapa
Oyo,"Ibadan South East",200002,Mapo
Oyo,"Ibadan South West",200001,GPO
Oyo,"Ibarapa central",201003,"Igbo Ora"
Oyo,Ido,200006,Eleyele
Oyo,Irepo,212001,Kishi
Oyo,Iseyin,202001,Isyin
Oyo,Itesiwaju,202003,Igbojaye
Oyo,Kajola,202002,Okeho
Oyo,"Ogbomoso North",210001,Ogbomoso
Oyo,"Ogbomoso South",210002,Ijeru
Oyo,"Ogo Oluwa",210003,Ajaawa
Oyo,Olorunsogo,212002,Igbeti
Oyo,Orelope,212003,Igboho
Oyo,"Ori Ire",210005,Ikoyi
Oyo,"Oyo West",211001,Oyo
Oyo,"Oyo West",211003,Bacotho
Oyo,"Saki East",203005,Agoamodu
Oyo,"Saki East",203004,Sepeteri
Oyo,"Saki West",203001,Saki
Oyo,Surulere,101014,Surulere
Plateau,"Barkin Ladi",931002,"Kurra Falls"
Plateau,"Barkin Ladi",931001,"Barkin Ladi"
Plateau,Bokkos,932004,Daffo
Plateau,"Jos North",940006,"Zaria Rd."
Plateau,"Jos North",930003,"University of Jos"
Plateau,"Jos North",930002,"Jos Town"
Plateau,"Jos North",930004,"Jos North"
Plateau,"Jos North",900001,GPO
Plateau,"Jos South",930010,Vom
Plateau,"Jos South",933009,NIPSS
Plateau,"Jos South",930011,"Federal Secretariat"
Plateau,"Jos South",930008,Bukuru
Plateau,"Jos South",930007,"Anglo Jos"
Plateau,Kanam,942003,Dengi
Plateau,Kanke,933002,Kabwir
Plateau,Kanke,933003,Amper
Plateau,"Langtang North",941001,Langtang
Plateau,"Langtang South",941002,Mabudi
Plateau,Mangu,932001,Mangu
Plateau,Mangu,933001,Gindiri
Plateau,Mikang,942002,Garkawa
Plateau,Pankshin,933001,Pankshin
Plateau,"Qua'an Pan",940003,Ba'ap
Plateau,Shendam,940004,Demshin
Plateau,Shendam,942002,"Yelwa Ishar"
Plateau,Shendam,940001,Shendam
Plateau,Wase,942001,Wase
Rivers,Abua/Odual,510003,Abua
Rivers,"Ahoada East",510001,Ahoada
Rivers,"Akuku Toru",504004,Abonnema
Rivers,"Asari Toru",504003,Buguma
Rivers,Degema,504002,Bokana
Rivers,Eleme,501001,Eleme
Rivers,Emohua,511001,Elele
Rivers,Etche,512001,Okehi
Rivers,Gokana,501002,Bodo
Rivers,Ikwerre,511002,Airport
Rivers,Khana,520001,"Bori Ogoni"
Rivers,Obio/Akpor,500007,Woji
Rivers,Obio/Akpor,500004,Uniport
Rivers,Obio/Akpor,500006,"Federal Secretariat"
Rivers,Obio/Akpor,500011,"College Of Arts & Science"
Rivers,Obio/Akpor,500010,COE
Rivers,Ogba/Egbema/Ndoni,510002,Omoku
Rivers,Ogba/Egbema/Ndoni,511001,Ndoni
Rivers,Okrika,500009,Okirika
Rivers,Opobo/Nkoro,503002,Opobo
Rivers,Port-Harcourt,500008,Unitech
Rivers,Port-Harcourt,500003,"Trans Amadi"
Rivers,Port-Harcourt,500001,GPO
Rivers,Port-Harcourt,500002,Diobu
Rivers,Port-Harcourt,500005,"Aggrey Roa"
Sokoto,Bodinga,852001,Bodinga
Sokoto,Gwadabawa,843001,Gwadabawa
Sokoto,Illela,843002,Illela
Sokoto,Isa,883001,Isa
Sokoto,Shagari,851001,Shagari
Sokoto,"Sokoto South",840002,Marina
Sokoto,"Sokoto South",840001,GPO
Sokoto,"Sokoto South",840003,"Federal Secretariat"
Sokoto,Tambuwal,850001,Tambawal
Sokoto,Tangaza,841001,"Gidan Madi    ."
Sokoto,Wamako,840004,Udus
Sokoto,Wurno,842001,Wurno
Sokoto,Yabo,851001,Yabo
Taraba,Bali,672001,Bali
Taraba,Donga,671001,Donga
Taraba,Gashaka,663001,Serti
Taraba,Gassol,672002,"Mutum Biyu"
Taraba,Ibi,670002,Ibi
Taraba,Jalingo,660001,Jalingo
Taraba,Karim-Lamido,662002,"Karim Lamido"
Taraba,Kurmi,671004,Baissa
Taraba,Lau,662001,Lau
Taraba,Sardauna,663002,Gembu
Taraba,Takum,671002,Takum
Taraba,Wukari,670001,Wukari
Taraba,Yorro,661002,Pantisawa
Taraba,Zing,661003,Zing
Yobe,Bade,631001,Gashua
Yobe,Damaturu,620001,GPO
Yobe,Fune,622003,Damagum
Yobe,Geidam,632001,Geidam
Yobe,Gujba,621002,"Buni Yadi"
Yobe,Nguru,630001,Nguru
Yobe,Potiskum,622002,Potiskum
Zamfara,Anka,890001,Anka
Zamfara,Bungudu,881001,Bungudu
Zamfara,Chafe,880003,Kucheri
Zamfara,Chafe,880002,Chafe
Zamfara,Gummi,891001,Gummi
Zamfara,Gusau,880001,Gusau
Zamfara,"Kaura Namoda",882001,"Kauran Namoda"
Zamfara,Maru,890002,Maru
Zamfara,Shinkafi,883002,Shinkafi
Zamfara,"Talata Mafara",892001,"Talatan Mafara"
